Index,EKG
0,-0.2
1,-0.2
2,-0.2
3,-0.2
4,-0.2
5,-0.2
6,-0.2
7,-0.2
8,-0.19
9,-0.175
10,-0.19
11,-0.205
12,-0.21
13,-0.2
14,-0.195
15,-0.21
16,-0.23
17,-0.235
18,-0.245
19,-0.235
20,-0.23
21,-0.23
22,-0.245
23,-0.27
24,-0.26
25,-0.24
26,-0.225
27,-0.22
28,-0.225
29,-0.225
30,-0.225
31,-0.225
32,-0.22
33,-0.235
34,-0.26
35,-0.26
36,-0.26
37,-0.26
38,-0.255
39,-0.255
40,-0.26
41,-0.26
42,-0.265
43,-0.25
44,-0.24
45,-0.255
46,-0.265
47,-0.28
48,-0.26
49,-0.255
50,-0.25
51,-0.245
52,-0.25
53,-0.255
54,-0.245
55,-0.24
56,-0.25
57,-0.245
58,-0.265
59,-0.27
60,-0.25
61,-0.25
62,-0.245
63,-0.25
64,-0.255
65,-0.255
66,-0.24
67,-0.245
68,-0.265
69,-0.26
70,-0.27
71,-0.28
72,-0.28
73,-0.265
74,-0.265
75,-0.26
76,-0.265
77,-0.255
78,-0.245
79,-0.23
80,-0.23
81,-0.235
82,-0.23
83,-0.235
84,-0.215
85,-0.19
86,-0.175
87,-0.175
88,-0.195
89,-0.225
90,-0.225
91,-0.225
92,-0.23
93,-0.215
94,-0.225
95,-0.225
96,-0.205
97,-0.165
98,-0.135
99,-0.135
100,-0.145
101,-0.165
102,-0.17
103,-0.17
104,-0.185
105,-0.205
106,-0.225
107,-0.23
108,-0.195
109,-0.155
110,-0.12
111,-0.07
112,-0.005
113,0.215
114,0.575
115,0.845
116,0.8
117,0.525
118,0.275
119,0.18
120,0.195
121,0.23
122,0.255
123,0.28
124,0.285
125,0.3
126,0.32
127,0.34
128,0.355
129,0.345
130,0.33
131,0.32
132,0.34
133,0.38
134,0.4
135,0.41
136,0.395
137,0.365
138,0.335
139,0.31
140,0.26
141,0.195
142,0.125
143,0.05
144,-0.035
145,-0.13
146,-0.25
147,-0.355
148,-0.42
149,-0.435
150,-0.395
151,-0.38
152,-0.39
153,-0.405
154,-0.44
155,-0.465
156,-0.47
157,-0.46
158,-0.435
159,-0.42
160,-0.405
161,-0.38
162,-0.34
163,-0.31
164,-0.295
165,-0.305
166,-0.31
167,-0.32
168,-0.32
169,-0.31
170,-0.31
171,-0.305
172,-0.29
173,-0.29
174,-0.265
175,-0.26
176,-0.24
177,-0.245
178,-0.24
179,-0.235
180,-0.215
181,-0.2
182,-0.195
183,-0.205
184,-0.215
185,-0.2
186,-0.2
187,-0.19
188,-0.19
189,-0.19
190,-0.185
191,-0.195
192,-0.185
193,-0.175
194,-0.165
195,-0.17
196,-0.17
197,-0.16
198,-0.15
199,-0.14
200,-0.135
201,-0.135
202,-0.15
203,-0.15
204,-0.14
205,-0.13
206,-0.12
207,-0.12
208,-0.115
209,-0.115
210,-0.1
211,-0.09
212,-0.085
213,-0.08
214,-0.09
215,-0.09
216,-0.08
217,-0.06
218,-0.06
219,-0.05
220,-0.045
221,-0.07
222,-0.055
223,-0.055
224,-0.04
225,-0.04
226,-0.045
227,-0.05
228,-0.05
229,-0.05
230,-0.05
231,-0.05
232,-0.05
233,-0.065
234,-0.065
235,-0.065
236,-0.07
237,-0.07
238,-0.09
239,-0.105
240,-0.105
241,-0.105
242,-0.11
243,-0.11
244,-0.14
245,-0.15
246,-0.15
247,-0.155
248,-0.15
249,-0.155
250,-0.185
251,-0.185
252,-0.18
253,-0.185
254,-0.175
255,-0.19
256,-0.205
257,-0.225
258,-0.22
259,-0.205
260,-0.2
261,-0.215
262,-0.225
263,-0.225
264,-0.23
265,-0.23
266,-0.225
267,-0.225
268,-0.23
269,-0.24
270,-0.245
271,-0.23
272,-0.235
273,-0.23
274,-0.245
275,-0.25
276,-0.23
277,-0.235
278,-0.23
279,-0.235
280,-0.25
281,-0.245
282,-0.245
283,-0.235
284,-0.24
285,-0.23
286,-0.235
287,-0.245
288,-0.235
289,-0.23
290,-0.225
291,-0.22
292,-0.22
293,-0.235
294,-0.23
295,-0.22
296,-0.205
297,-0.225
298,-0.23
299,-0.23
300,-0.23
301,-0.215
302,-0.215
303,-0.22
304,-0.235
305,-0.24
306,-0.235
307,-0.23
308,-0.225
309,-0.23
310,-0.25
311,-0.255
312,-0.245
313,-0.24
314,-0.24
315,-0.24
316,-0.255
317,-0.255
318,-0.26
319,-0.245
320,-0.245
321,-0.25
322,-0.265
323,-0.275
324,-0.27
325,-0.25
326,-0.255
327,-0.27
328,-0.275
329,-0.285
330,-0.285
331,-0.265
332,-0.275
333,-0.275
334,-0.28
335,-0.29
336,-0.275
337,-0.275
338,-0.265
339,-0.275
340,-0.29
341,-0.305
342,-0.3
343,-0.29
344,-0.285
345,-0.285
346,-0.295
347,-0.305
348,-0.29
349,-0.295
350,-0.275
351,-0.275
352,-0.305
353,-0.295
354,-0.3
355,-0.285
356,-0.28
357,-0.29
358,-0.305
359,-0.3
360,-0.305
361,-0.29
362,-0.295
363,-0.29
364,-0.305
365,-0.31
366,-0.31
367,-0.29
368,-0.29
369,-0.3
370,-0.295
371,-0.305
372,-0.3
373,-0.295
374,-0.29
375,-0.29
376,-0.295
377,-0.3
378,-0.285
379,-0.28
380,-0.285
381,-0.275
382,-0.305
383,-0.295
384,-0.29
385,-0.285
386,-0.28
387,-0.285
388,-0.3
389,-0.305
390,-0.305
391,-0.29
392,-0.29
393,-0.28
394,-0.285
395,-0.285
396,-0.275
397,-0.27
398,-0.26
399,-0.26
400,-0.255
401,-0.255
402,-0.23
403,-0.19
404,-0.155
405,-0.1
406,0.01
407,0.24
408,0.63
409,0.915
410,0.885
411,0.595
412,0.32
413,0.2
414,0.19
415,0.21
416,0.205
417,0.21
418,0.195
419,0.19
420,0.2
421,0.225
422,0.23
423,0.22
424,0.205
425,0.185
426,0.195
427,0.18
428,0.175
429,0.155
430,0.115
431,0.07
432,0.045
433,0
434,-0.04
435,-0.105
436,-0.155
437,-0.215
438,-0.28
439,-0.35
440,-0.405
441,-0.45
442,-0.44
443,-0.39
444,-0.33
445,-0.285
446,-0.28
447,-0.305
448,-0.325
449,-0.365
450,-0.36
451,-0.35
452,-0.335
453,-0.31
454,-0.29
455,-0.29
456,-0.29
457,-0.31
458,-0.32
459,-0.335
460,-0.34
461,-0.345
462,-0.355
463,-0.335
464,-0.335
465,-0.335
466,-0.34
467,-0.345
468,-0.33
469,-0.32
470,-0.305
471,-0.3
472,-0.3
473,-0.3
474,-0.29
475,-0.285
476,-0.285
477,-0.28
478,-0.29
479,-0.28
480,-0.285
481,-0.265
482,-0.265
483,-0.27
484,-0.265
485,-0.27
486,-0.265
487,-0.25
488,-0.245
489,-0.245
490,-0.245
491,-0.25
492,-0.25
493,-0.225
494,-0.225
495,-0.23
496,-0.235
497,-0.245
498,-0.215
499,-0.21
500,-0.195
501,-0.2
502,-0.2
503,-0.205
504,-0.195
505,-0.17
506,-0.16
507,-0.165
508,-0.16
509,-0.165
510,-0.145
511,-0.135
512,-0.135
513,-0.135
514,-0.13
515,-0.135
516,-0.125
517,-0.12
518,-0.11
519,-0.125
520,-0.125
521,-0.135
522,-0.13
523,-0.125
524,-0.12
525,-0.125
526,-0.13
527,-0.14
528,-0.135
529,-0.135
530,-0.13
531,-0.135
532,-0.15
533,-0.16
534,-0.16
535,-0.145
536,-0.15
537,-0.155
538,-0.175
539,-0.19
540,-0.185
541,-0.185
542,-0.185
543,-0.19
544,-0.205
545,-0.205
546,-0.205
547,-0.2
548,-0.205
549,-0.21
550,-0.23
551,-0.22
552,-0.225
553,-0.215
554,-0.22
555,-0.22
556,-0.23
557,-0.225
558,-0.22
559,-0.225
560,-0.23
561,-0.23
562,-0.235
563,-0.24
564,-0.225
565,-0.225
566,-0.225
567,-0.22
568,-0.225
569,-0.235
570,-0.225
571,-0.22
572,-0.21
573,-0.215
574,-0.23
575,-0.235
576,-0.225
577,-0.21
578,-0.21
579,-0.22
580,-0.22
581,-0.23
582,-0.225
583,-0.215
584,-0.22
585,-0.215
586,-0.23
587,-0.23
588,-0.22
589,-0.21
590,-0.215
591,-0.215
592,-0.225
593,-0.225
594,-0.225
595,-0.215
596,-0.22
597,-0.235
598,-0.24
599,-0.235
600,-0.24
601,-0.23
602,-0.225
603,-0.23
604,-0.24
605,-0.245
606,-0.245
607,-0.24
608,-0.23
609,-0.24
610,-0.245
611,-0.25
612,-0.25
613,-0.245
614,-0.24
615,-0.24
616,-0.255
617,-0.27
618,-0.255
619,-0.255
620,-0.245
621,-0.255
622,-0.26
623,-0.27
624,-0.265
625,-0.265
626,-0.265
627,-0.255
628,-0.265
629,-0.27
630,-0.275
631,-0.26
632,-0.26
633,-0.265
634,-0.27
635,-0.27
636,-0.275
637,-0.26
638,-0.255
639,-0.265
640,-0.28
641,-0.29
642,-0.285
643,-0.27
644,-0.265
645,-0.27
646,-0.28
647,-0.29
648,-0.29
649,-0.275
650,-0.265
651,-0.27
652,-0.29
653,-0.28
654,-0.275
655,-0.26
656,-0.26
657,-0.27
658,-0.285
659,-0.285
660,-0.27
661,-0.265
662,-0.27
663,-0.265
664,-0.285
665,-0.285
666,-0.28
667,-0.265
668,-0.265
669,-0.27
670,-0.27
671,-0.27
672,-0.265
673,-0.265
674,-0.265
675,-0.27
676,-0.27
677,-0.28
678,-0.28
679,-0.26
680,-0.255
681,-0.255
682,-0.26
683,-0.265
684,-0.255
685,-0.245
686,-0.235
687,-0.24
688,-0.23
689,-0.235
690,-0.195
691,-0.15
692,-0.12
693,-0.035
694,0.17
695,0.515
696,0.87
697,0.87
698,0.57
699,0.275
700,0.155
701,0.15
702,0.175
703,0.18
704,0.175
705,0.16
706,0.16
707,0.16
708,0.17
709,0.165
710,0.155
711,0.135
712,0.115
713,0.115
714,0.12
715,0.11
716,0.09
717,0.04
718,0
719,-0.06
720,-0.11
721,-0.16
722,-0.205
723,-0.27
724,-0.335
725,-0.425
726,-0.505
727,-0.53
728,-0.52
729,-0.48
730,-0.445
731,-0.405
732,-0.375
733,-0.345
734,-0.335
735,-0.34
736,-0.33
737,-0.32
738,-0.295
739,-0.27
740,-0.255
741,-0.225
742,-0.22
743,-0.225
744,-0.255
745,-0.27
746,-0.29
747,-0.305
748,-0.31
749,-0.325
750,-0.32
751,-0.31
752,-0.29
753,-0.295
754,-0.305
755,-0.315
756,-0.305
757,-0.305
758,-0.3
759,-0.3
760,-0.305
761,-0.315
762,-0.305
763,-0.295
764,-0.295
765,-0.31
766,-0.315
767,-0.315
768,-0.32
769,-0.305
770,-0.3
771,-0.315
772,-0.31
773,-0.315
774,-0.305
775,-0.295
776,-0.29
777,-0.3
778,-0.3
779,-0.295
780,-0.295
781,-0.275
782,-0.26
783,-0.28
784,-0.28
785,-0.27
786,-0.26
787,-0.255
788,-0.245
789,-0.24
790,-0.245
791,-0.245
792,-0.235
793,-0.205
794,-0.21
795,-0.2
796,-0.21
797,-0.205
798,-0.18
799,-0.165
800,-0.155
801,-0.155
802,-0.155
803,-0.155
804,-0.14
805,-0.135
806,-0.115
807,-0.125
808,-0.125
809,-0.135
810,-0.12
811,-0.125
812,-0.11
813,-0.115
814,-0.13
815,-0.135
816,-0.13
817,-0.115
818,-0.125
819,-0.115
820,-0.12
821,-0.14
822,-0.125
823,-0.13
824,-0.125
825,-0.135
826,-0.145
827,-0.15
828,-0.15
829,-0.145
830,-0.15
831,-0.175
832,-0.18
833,-0.2
834,-0.19
835,-0.19
836,-0.185
837,-0.2
838,-0.21
839,-0.22
840,-0.21
841,-0.21
842,-0.225
843,-0.225
844,-0.23
845,-0.235
846,-0.225
847,-0.225
848,-0.22
849,-0.225
850,-0.245
851,-0.25
852,-0.24
853,-0.235
854,-0.23
855,-0.225
856,-0.24
857,-0.24
858,-0.235
859,-0.24
860,-0.235
861,-0.245
862,-0.255
863,-0.26
864,-0.255
865,-0.245
866,-0.255
867,-0.255
868,-0.255
869,-0.26
870,-0.255
871,-0.24
872,-0.24
873,-0.245
874,-0.265
875,-0.285
876,-0.28
877,-0.275
878,-0.255
879,-0.245
880,-0.25
881,-0.265
882,-0.25
883,-0.25
884,-0.25
885,-0.255
886,-0.275
887,-0.29
888,-0.285
889,-0.29
890,-0.27
891,-0.275
892,-0.28
893,-0.285
894,-0.285
895,-0.29
896,-0.285
897,-0.3
898,-0.295
899,-0.3
900,-0.29
901,-0.29
902,-0.275
903,-0.285
904,-0.31
905,-0.305
906,-0.31
907,-0.305
908,-0.3
909,-0.305
910,-0.305
911,-0.315
912,-0.3
913,-0.295
914,-0.295
915,-0.295
916,-0.31
917,-0.33
918,-0.305
919,-0.3
920,-0.29
921,-0.29
922,-0.3
923,-0.31
924,-0.305
925,-0.3
926,-0.295
927,-0.3
928,-0.305
929,-0.315
930,-0.3
931,-0.305
932,-0.3
933,-0.29
934,-0.305
935,-0.315
936,-0.305
937,-0.305
938,-0.295
939,-0.295
940,-0.305
941,-0.305
942,-0.295
943,-0.305
944,-0.295
945,-0.295
946,-0.315
947,-0.31
948,-0.315
949,-0.3
950,-0.295
951,-0.305
952,-0.31
953,-0.32
954,-0.31
955,-0.3
956,-0.285
957,-0.28
958,-0.285
959,-0.29
960,-0.29
961,-0.27
962,-0.27
963,-0.28
964,-0.295
965,-0.305
966,-0.29
967,-0.29
968,-0.285
969,-0.285
970,-0.285
971,-0.295
972,-0.295
973,-0.28
974,-0.27
975,-0.27
976,-0.275
977,-0.27
978,-0.25
979,-0.24
980,-0.23
981,-0.225
982,-0.2
983,-0.17
984,-0.095
985,0.055
986,0.35
987,0.715
988,0.88
989,0.7
990,0.39
991,0.205
992,0.15
993,0.15
994,0.145
995,0.125
996,0.11
997,0.125
998,0.135
999,0.14
1000,0.12
1001,0.11
1002,0.09
1003,0.09
1004,0.09
1005,0.08
1006,0.06
1007,0.045
1008,0.035
1009,-0.01
1010,-0.045
1011,-0.1
1012,-0.17
1013,-0.22
1014,-0.265
1015,-0.31
1016,-0.375
1017,-0.46
1018,-0.55
1019,-0.6
1020,-0.6
1021,-0.59
1022,-0.57
1023,-0.525
1024,-0.5
1025,-0.485
1026,-0.48
1027,-0.485
1028,-0.49
1029,-0.48
1030,-0.485
1031,-0.45
1032,-0.42
1033,-0.375
1034,-0.335
1035,-0.32
1036,-0.315
1037,-0.32
1038,-0.32
1039,-0.305
1040,-0.295
1041,-0.3
1042,-0.295
1043,-0.28
1044,-0.27
1045,-0.255
1046,-0.25
1047,-0.23
1048,-0.225
1049,-0.22
1050,-0.21
1051,-0.215
1052,-0.225
1053,-0.235
1054,-0.245
1055,-0.225
1056,-0.21
1057,-0.21
1058,-0.195
1059,-0.2
1060,-0.215
1061,-0.215
1062,-0.22
1063,-0.225
1064,-0.23
1065,-0.23
1066,-0.25
1067,-0.245
1068,-0.25
1069,-0.24
1070,-0.235
1071,-0.235
1072,-0.245
1073,-0.24
1074,-0.245
1075,-0.255
1076,-0.26
1077,-0.275
1078,-0.275
1079,-0.26
1080,-0.255
1081,-0.255
1082,-0.26
1083,-0.265
1084,-0.265
1085,-0.25
1086,-0.24
1087,-0.235
1088,-0.225
1089,-0.23
1090,-0.23
1091,-0.215
1092,-0.21
1093,-0.22
1094,-0.21
1095,-0.215
1096,-0.21
1097,-0.195
1098,-0.175
1099,-0.15
1100,-0.145
1101,-0.155
1102,-0.16
1103,-0.165
1104,-0.145
1105,-0.14
1106,-0.13
1107,-0.125
1108,-0.105
1109,-0.1
1110,-0.085
1111,-0.075
1112,-0.08
1113,-0.105
1114,-0.1
1115,-0.095
1116,-0.095
1117,-0.085
1118,-0.09
1119,-0.1
1120,-0.115
1121,-0.1
1122,-0.09
1123,-0.09
1124,-0.095
1125,-0.115
1126,-0.125
1127,-0.12
1128,-0.11
1129,-0.115
1130,-0.12
1131,-0.12
1132,-0.14
1133,-0.14
1134,-0.135
1135,-0.14
1136,-0.16
1137,-0.17
1138,-0.18
1139,-0.175
1140,-0.175
1141,-0.165
1142,-0.18
1143,-0.19
1144,-0.2
1145,-0.2
1146,-0.185
1147,-0.195
1148,-0.18
1149,-0.205
1150,-0.215
1151,-0.215
1152,-0.21
1153,-0.21
1154,-0.22
1155,-0.23
1156,-0.235
1157,-0.23
1158,-0.22
1159,-0.22
1160,-0.225
1161,-0.23
1162,-0.235
1163,-0.23
1164,-0.225
1165,-0.225
1166,-0.235
1167,-0.24
1168,-0.255
1169,-0.24
1170,-0.23
1171,-0.23
1172,-0.235
1173,-0.255
1174,-0.26
1175,-0.25
1176,-0.245
1177,-0.245
1178,-0.245
1179,-0.25
1180,-0.26
1181,-0.26
1182,-0.24
1183,-0.25
1184,-0.26
1185,-0.25
1186,-0.26
1187,-0.255
1188,-0.245
1189,-0.245
1190,-0.26
1191,-0.26
1192,-0.255
1193,-0.26
1194,-0.26
1195,-0.255
1196,-0.265
1197,-0.275
1198,-0.28
1199,-0.27
1200,-0.265
1201,-0.26
1202,-0.275
1203,-0.275
1204,-0.285
1205,-0.28
1206,-0.27
1207,-0.275
1208,-0.275
1209,-0.29
1210,-0.3
1211,-0.285
1212,-0.28
1213,-0.28
1214,-0.29
1215,-0.29
1216,-0.3
1217,-0.3
1218,-0.275
1219,-0.285
1220,-0.285
1221,-0.295
1222,-0.305
1223,-0.3
1224,-0.29
1225,-0.285
1226,-0.285
1227,-0.305
1228,-0.305
1229,-0.3
1230,-0.29
1231,-0.3
1232,-0.295
1233,-0.315
1234,-0.315
1235,-0.31
1236,-0.3
1237,-0.3
1238,-0.305
1239,-0.305
1240,-0.32
1241,-0.3
1242,-0.295
1243,-0.295
1244,-0.3
1245,-0.315
1246,-0.32
1247,-0.31
1248,-0.305
1249,-0.29
1250,-0.3
1251,-0.31
1252,-0.315
1253,-0.305
1254,-0.3
1255,-0.3
1256,-0.295
1257,-0.315
1258,-0.315
1259,-0.315
1260,-0.3
1261,-0.295
1262,-0.305
1263,-0.315
1264,-0.315
1265,-0.305
1266,-0.295
1267,-0.3
1268,-0.295
1269,-0.32
1270,-0.32
1271,-0.29
1272,-0.3
1273,-0.295
1274,-0.3
1275,-0.295
1276,-0.3
1277,-0.3
1278,-0.3
1279,-0.3
1280,-0.29
1281,-0.305
1282,-0.3
1283,-0.31
1284,-0.3
1285,-0.285
1286,-0.295
1287,-0.305
1288,-0.31
1289,-0.29
1290,-0.275
1291,-0.27
1292,-0.27
1293,-0.285
1294,-0.28
1295,-0.265
1296,-0.25
1297,-0.23
1298,-0.205
1299,-0.17
1300,-0.13
1301,-0.015
1302,0.215
1303,0.58
1304,0.845
1305,0.815
1306,0.54
1307,0.27
1308,0.155
1309,0.135
1310,0.14
1311,0.135
1312,0.14
1313,0.14
1314,0.15
1315,0.165
1316,0.16
1317,0.16
1318,0.17
1319,0.17
1320,0.16
1321,0.145
1322,0.125
1323,0.125
1324,0.1
1325,0.1
1326,0.08
1327,0.05
1328,0.02
1329,-0.03
1330,-0.08
1331,-0.13
1332,-0.16
1333,-0.22
1334,-0.28
1335,-0.34
1336,-0.41
1337,-0.48
1338,-0.53
1339,-0.565
1340,-0.555
1341,-0.525
1342,-0.49
1343,-0.465
1344,-0.445
1345,-0.45
1346,-0.445
1347,-0.445
1348,-0.45
1349,-0.43
1350,-0.41
1351,-0.4
1352,-0.385
1353,-0.37
1354,-0.34
1355,-0.305
1356,-0.28
1357,-0.28
1358,-0.295
1359,-0.32
1360,-0.325
1361,-0.32
1362,-0.32
1363,-0.325
1364,-0.32
1365,-0.33
1366,-0.325
1367,-0.32
1368,-0.295
1369,-0.295
1370,-0.29
1371,-0.29
1372,-0.29
1373,-0.275
1374,-0.275
1375,-0.285
1376,-0.275
1377,-0.265
1378,-0.265
1379,-0.25
1380,-0.25
1381,-0.245
1382,-0.245
1383,-0.25
1384,-0.24
1385,-0.225
1386,-0.23
1387,-0.225
1388,-0.23
1389,-0.225
1390,-0.235
1391,-0.215
1392,-0.2
1393,-0.18
1394,-0.185
1395,-0.18
1396,-0.175
1397,-0.175
1398,-0.175
1399,-0.18
1400,-0.2
1401,-0.22
1402,-0.23
1403,-0.225
1404,-0.235
1405,-0.24
1406,-0.255
1407,-0.25
1408,-0.255
1409,-0.24
1410,-0.23
1411,-0.235
1412,-0.23
1413,-0.24
1414,-0.24
1415,-0.23
1416,-0.215
1417,-0.225
1418,-0.22
1419,-0.21
1420,-0.21
1421,-0.195
1422,-0.195
1423,-0.185
1424,-0.19
1425,-0.19
1426,-0.185
1427,-0.17
1428,-0.165
1429,-0.17
1430,-0.16
1431,-0.17
1432,-0.165
1433,-0.145
1434,-0.15
1435,-0.145
1436,-0.15
1437,-0.155
1438,-0.16
1439,-0.16
1440,-0.15
1441,-0.155
1442,-0.15
1443,-0.165
1444,-0.175
1445,-0.165
1446,-0.165
1447,-0.175
1448,-0.185
1449,-0.205
1450,-0.205
1451,-0.2
1452,-0.195
1453,-0.2
1454,-0.215
1455,-0.215
1456,-0.225
1457,-0.22
1458,-0.21
1459,-0.215
1460,-0.215
1461,-0.24
1462,-0.245
1463,-0.25
1464,-0.24
1465,-0.245
1466,-0.25
1467,-0.26
1468,-0.26
1469,-0.26
1470,-0.25
1471,-0.245
1472,-0.255
1473,-0.25
1474,-0.265
1475,-0.27
1476,-0.245
1477,-0.255
1478,-0.25
1479,-0.265
1480,-0.275
1481,-0.275
1482,-0.265
1483,-0.28
1484,-0.28
1485,-0.285
1486,-0.29
1487,-0.275
1488,-0.27
1489,-0.285
1490,-0.275
1491,-0.29
1492,-0.295
1493,-0.27
1494,-0.275
1495,-0.275
1496,-0.285
1497,-0.29
1498,-0.295
1499,-0.29
1500,-0.29
1501,-0.295
1502,-0.305
1503,-0.305
1504,-0.31
1505,-0.3
1506,-0.29
1507,-0.285
1508,-0.305
1509,-0.295
1510,-0.31
1511,-0.31
1512,-0.3
1513,-0.305
1514,-0.315
1515,-0.325
1516,-0.32
1517,-0.305
1518,-0.305
1519,-0.32
1520,-0.315
1521,-0.33
1522,-0.325
1523,-0.325
1524,-0.315
1525,-0.305
1526,-0.32
1527,-0.34
1528,-0.33
1529,-0.32
1530,-0.32
1531,-0.32
1532,-0.325
1533,-0.335
1534,-0.335
1535,-0.345
1536,-0.33
1537,-0.32
1538,-0.325
1539,-0.34
1540,-0.345
1541,-0.34
1542,-0.32
1543,-0.315
1544,-0.335
1545,-0.345
1546,-0.335
1547,-0.335
1548,-0.33
1549,-0.335
1550,-0.335
1551,-0.34
1552,-0.34
1553,-0.33
1554,-0.32
1555,-0.33
1556,-0.335
1557,-0.345
1558,-0.35
1559,-0.335
1560,-0.325
1561,-0.32
1562,-0.33
1563,-0.34
1564,-0.345
1565,-0.33
1566,-0.325
1567,-0.325
1568,-0.335
1569,-0.345
1570,-0.34
1571,-0.345
1572,-0.32
1573,-0.315
1574,-0.33
1575,-0.335
1576,-0.34
1577,-0.33
1578,-0.33
1579,-0.325
1580,-0.32
1581,-0.335
1582,-0.33
1583,-0.325
1584,-0.315
1585,-0.315
1586,-0.33
1587,-0.34
1588,-0.33
1589,-0.325
1590,-0.31
1591,-0.305
1592,-0.31
1593,-0.31
1594,-0.325
1595,-0.315
1596,-0.3
1597,-0.3
1598,-0.305
1599,-0.31
1600,-0.31
1601,-0.3
1602,-0.29
1603,-0.28
1604,-0.275
1605,-0.265
1606,-0.265
1607,-0.23
1608,-0.18
1609,-0.11
1610,0.005
1611,0.26
1612,0.645
1613,0.89
1614,0.8
1615,0.455
1616,0.19
1617,0.1
1618,0.095
1619,0.12
1620,0.12
1621,0.11
1622,0.105
1623,0.11
1624,0.1
1625,0.12
1626,0.12
1627,0.125
1628,0.095
1629,0.075
1630,0.06
1631,0.065
1632,0.08
1633,0.06
1634,0.03
1635,-0.015
1636,-0.05
1637,-0.08
1638,-0.115
1639,-0.17
1640,-0.225
1641,-0.29
1642,-0.35
1643,-0.405
1644,-0.465
1645,-0.545
1646,-0.6
1647,-0.625
1648,-0.59
1649,-0.55
1650,-0.505
1651,-0.475
1652,-0.455
1653,-0.46
1654,-0.455
1655,-0.46
1656,-0.445
1657,-0.44
1658,-0.43
1659,-0.41
1660,-0.39
1661,-0.34
1662,-0.295
1663,-0.295
1664,-0.3
1665,-0.315
1666,-0.355
1667,-0.33
1668,-0.33
1669,-0.345
1670,-0.355
1671,-0.35
1672,-0.35
1673,-0.33
1674,-0.32
1675,-0.295
1676,-0.305
1677,-0.305
1678,-0.31
1679,-0.31
1680,-0.3
1681,-0.29
1682,-0.28
1683,-0.29
1684,-0.285
1685,-0.285
1686,-0.275
1687,-0.26
1688,-0.27
1689,-0.27
1690,-0.27
1691,-0.255
1692,-0.255
1693,-0.26
1694,-0.26
1695,-0.255
1696,-0.265
1697,-0.26
1698,-0.24
1699,-0.24
1700,-0.24
1701,-0.24
1702,-0.25
1703,-0.24
1704,-0.225
1705,-0.21
1706,-0.22
1707,-0.215
1708,-0.215
1709,-0.2
1710,-0.2
1711,-0.195
1712,-0.2
1713,-0.2
1714,-0.195
1715,-0.185
1716,-0.17
1717,-0.16
1718,-0.15
1719,-0.15
1720,-0.16
1721,-0.145
1722,-0.14
1723,-0.14
1724,-0.14
1725,-0.14
1726,-0.14
1727,-0.135
1728,-0.125
1729,-0.125
1730,-0.11
1731,-0.115
1732,-0.125
1733,-0.09
1734,-0.08
1735,-0.08
1736,-0.08
1737,-0.09
1738,-0.095
1739,-0.085
1740,-0.08
1741,-0.075
1742,-0.08
1743,-0.09
1744,-0.085
1745,-0.085
1746,-0.08
1747,-0.09
1748,-0.1
1749,-0.11
1750,-0.135
1751,-0.13
1752,-0.125
1753,-0.135
1754,-0.15
1755,-0.175
1756,-0.19
1757,-0.2
1758,-0.2
1759,-0.195
1760,-0.21
1761,-0.23
1762,-0.22
1763,-0.23
1764,-0.22
1765,-0.22
1766,-0.245
1767,-0.27
1768,-0.255
1769,-0.255
1770,-0.25
1771,-0.255
1772,-0.26
1773,-0.255
1774,-0.265
1775,-0.265
1776,-0.25
1777,-0.255
1778,-0.255
1779,-0.27
1780,-0.275
1781,-0.27
1782,-0.265
1783,-0.27
1784,-0.265
1785,-0.275
1786,-0.28
1787,-0.275
1788,-0.27
1789,-0.275
1790,-0.285
1791,-0.295
1792,-0.295
1793,-0.29
1794,-0.275
1795,-0.285
1796,-0.305
1797,-0.3
1798,-0.295
1799,-0.295
1800,-0.29
1801,-0.29
1802,-0.29
1803,-0.305
1804,-0.31
1805,-0.315
1806,-0.295
1807,-0.305
1808,-0.31
1809,-0.315
1810,-0.33
1811,-0.32
1812,-0.32
1813,-0.315
1814,-0.33
1815,-0.345
1816,-0.34
1817,-0.335
1818,-0.325
1819,-0.335
1820,-0.325
1821,-0.33
1822,-0.34
1823,-0.335
1824,-0.32
1825,-0.33
1826,-0.335
1827,-0.335
1828,-0.345
1829,-0.335
1830,-0.33
1831,-0.33
1832,-0.34
1833,-0.35
1834,-0.34
1835,-0.34
1836,-0.33
1837,-0.325
1838,-0.33
1839,-0.34
1840,-0.34
1841,-0.335
1842,-0.33
1843,-0.33
1844,-0.33
1845,-0.34
1846,-0.35
1847,-0.34
1848,-0.33
1849,-0.33
1850,-0.33
1851,-0.335
1852,-0.34
1853,-0.345
1854,-0.33
1855,-0.335
1856,-0.335
1857,-0.34
1858,-0.335
1859,-0.325
1860,-0.32
1861,-0.32
1862,-0.32
1863,-0.33
1864,-0.32
1865,-0.315
1866,-0.31
1867,-0.32
1868,-0.33
1869,-0.335
1870,-0.335
1871,-0.32
1872,-0.315
1873,-0.33
1874,-0.325
1875,-0.315
1876,-0.31
1877,-0.305
1878,-0.285
1879,-0.295
1880,-0.295
1881,-0.305
1882,-0.32
1883,-0.305
1884,-0.28
1885,-0.275
1886,-0.285
1887,-0.29
1888,-0.3
1889,-0.29
1890,-0.285
1891,-0.28
1892,-0.295
1893,-0.295
1894,-0.295
1895,-0.285
1896,-0.285
1897,-0.28
1898,-0.28
1899,-0.28
1900,-0.275
1901,-0.27
1902,-0.26
1903,-0.23
1904,-0.21
1905,-0.16
1906,-0.085
1907,0.095
1908,0.42
1909,0.81
1910,0.935
1911,0.735
1912,0.385
1913,0.185
1914,0.14
1915,0.15
1916,0.155
1917,0.145
1918,0.145
1919,0.145
1920,0.15
1921,0.155
1922,0.14
1923,0.13
1924,0.11
1925,0.115
1926,0.11
1927,0.125
1928,0.115
1929,0.1
1930,0.065
1931,0.04
1932,0.02
1933,-0.01
1934,-0.07
1935,-0.14
1936,-0.195
1937,-0.25
1938,-0.295
1939,-0.365
1940,-0.455
1941,-0.53
1942,-0.58
1943,-0.56
1944,-0.53
1945,-0.475
1946,-0.455
1947,-0.46
1948,-0.46
1949,-0.47
1950,-0.465
1951,-0.455
1952,-0.43
1953,-0.425
1954,-0.385
1955,-0.33
1956,-0.29
1957,-0.27
1958,-0.28
1959,-0.315
1960,-0.32
1961,-0.31
1962,-0.32
1963,-0.32
1964,-0.32
1965,-0.315
1966,-0.315
1967,-0.285
1968,-0.255
1969,-0.245
1970,-0.25
1971,-0.26
1972,-0.25
1973,-0.25
1974,-0.235
1975,-0.235
1976,-0.245
1977,-0.24
1978,-0.245
1979,-0.23
1980,-0.22
1981,-0.21
1982,-0.235
1983,-0.23
1984,-0.225
1985,-0.205
1986,-0.195
1987,-0.21
1988,-0.185
1989,-0.195
1990,-0.195
1991,-0.18
1992,-0.175
1993,-0.175
1994,-0.165
1995,-0.19
1996,-0.185
1997,-0.175
1998,-0.165
1999,-0.16
2000,-0.165
2001,-0.145
2002,-0.145
2003,-0.13
2004,-0.115
2005,-0.115
2006,-0.11
2007,-0.115
2008,-0.11
2009,-0.105
2010,-0.095
2011,-0.09
2012,-0.095
2013,-0.08
2014,-0.095
2015,-0.075
2016,-0.065
2017,-0.065
2018,-0.065
2019,-0.07
2020,-0.06
2021,-0.045
2022,-0.04
2023,-0.03
2024,-0.025
2025,-0.03
2026,-0.045
2027,-0.02
2028,-0.025
2029,-0.02
2030,-0.025
2031,-0.05
2032,-0.04
2033,-0.035
2034,-0.01
2035,-0.005
2036,-0.01
2037,-0.03
2038,-0.03
2039,-0.03
2040,-0.045
2041,-0.04
2042,-0.055
2043,-0.06
2044,-0.085
2045,-0.095
2046,-0.095
2047,-0.095
2048,-0.11
2049,-0.11
2050,-0.11
2051,-0.12
2052,-0.12
2053,-0.13
2054,-0.14
2055,-0.16
2056,-0.17
2057,-0.165
2058,-0.17
2059,-0.185
2060,-0.185
2061,-0.2
2062,-0.205
2063,-0.2
2064,-0.185
2065,-0.19
2066,-0.2
2067,-0.19
2068,-0.2
2069,-0.185
2070,-0.18
2071,-0.185
2072,-0.19
2073,-0.205
2074,-0.22
2075,-0.21
2076,-0.2
2077,-0.2
2078,-0.195
2079,-0.205
2080,-0.2
2081,-0.195
2082,-0.2
2083,-0.2
2084,-0.215
2085,-0.22
2086,-0.215
2087,-0.205
2088,-0.195
2089,-0.195
2090,-0.205
2091,-0.225
2092,-0.225
2093,-0.235
2094,-0.225
2095,-0.225
2096,-0.225
2097,-0.235
2098,-0.245
2099,-0.245
2100,-0.245
2101,-0.245
2102,-0.245
2103,-0.245
2104,-0.255
2105,-0.25
2106,-0.245
2107,-0.26
2108,-0.26
2109,-0.265
2110,-0.27
2111,-0.255
2112,-0.255
2113,-0.26
2114,-0.255
2115,-0.255
2116,-0.265
2117,-0.26
2118,-0.25
2119,-0.28
2120,-0.265
2121,-0.265
2122,-0.275
2123,-0.265
2124,-0.265
2125,-0.265
2126,-0.275
2127,-0.27
2128,-0.28
2129,-0.265
2130,-0.255
2131,-0.25
2132,-0.275
2133,-0.28
2134,-0.275
2135,-0.275
2136,-0.27
2137,-0.275
2138,-0.26
2139,-0.27
2140,-0.265
2141,-0.275
2142,-0.255
2143,-0.255
2144,-0.26
2145,-0.265
2146,-0.27
2147,-0.26
2148,-0.25
2149,-0.26
2150,-0.255
2151,-0.265
2152,-0.26
2153,-0.25
2154,-0.24
2155,-0.25
2156,-0.255
2157,-0.26
2158,-0.26
2159,-0.255
2160,-0.25
2161,-0.255
2162,-0.245
2163,-0.27
2164,-0.275
2165,-0.27
2166,-0.255
2167,-0.255
2168,-0.26
2169,-0.265
2170,-0.26
2171,-0.26
2172,-0.255
2173,-0.245
2174,-0.245
2175,-0.255
2176,-0.26
2177,-0.255
2178,-0.255
2179,-0.25
2180,-0.25
2181,-0.26
2182,-0.265
2183,-0.255
2184,-0.24
2185,-0.245
2186,-0.245
2187,-0.25
2188,-0.255
2189,-0.24
2190,-0.225
2191,-0.22
2192,-0.22
2193,-0.225
2194,-0.225
2195,-0.175
2196,-0.115
2197,-0.035
2198,0.155
2199,0.51
2200,0.88
2201,0.955
2202,0.685
2203,0.345
2204,0.185
2205,0.155
2206,0.175
2207,0.19
2208,0.195
2209,0.195
2210,0.185
2211,0.19
2212,0.19
2213,0.2
2214,0.195
2215,0.165
2216,0.14
2217,0.135
2218,0.13
2219,0.13
2220,0.125
2221,0.085
2222,0.045
2223,-0.015
2224,-0.075
2225,-0.12
2226,-0.17
2227,-0.24
2228,-0.32
2229,-0.39
2230,-0.48
2231,-0.555
2232,-0.58
2233,-0.575
2234,-0.54
2235,-0.51
2236,-0.485
2237,-0.47
2238,-0.45
2239,-0.45
2240,-0.44
2241,-0.435
2242,-0.415
2243,-0.37
2244,-0.34
2245,-0.285
2246,-0.265
2247,-0.28
2248,-0.285
2249,-0.29
2250,-0.285
2251,-0.295
2252,-0.305
2253,-0.315
2254,-0.305
2255,-0.285
2256,-0.27
2257,-0.25
2258,-0.26
2259,-0.26
2260,-0.265
2261,-0.26
2262,-0.24
2263,-0.235
2264,-0.245
2265,-0.245
2266,-0.25
2267,-0.25
2268,-0.225
2269,-0.22
2270,-0.235
2271,-0.25
2272,-0.245
2273,-0.23
2274,-0.22
2275,-0.215
2276,-0.215
2277,-0.24
2278,-0.225
2279,-0.21
2280,-0.195
2281,-0.2
2282,-0.205
2283,-0.23
2284,-0.215
2285,-0.205
2286,-0.195
2287,-0.19
2288,-0.185
2289,-0.185
2290,-0.175
2291,-0.165
2292,-0.16
2293,-0.155
2294,-0.16
2295,-0.16
2296,-0.16
2297,-0.13
2298,-0.13
2299,-0.12
2300,-0.125
2301,-0.12
2302,-0.11
2303,-0.095
2304,-0.08
2305,-0.075
2306,-0.09
2307,-0.095
2308,-0.1
2309,-0.07
2310,-0.07
2311,-0.08
2312,-0.085
2313,-0.08
2314,-0.075
2315,-0.05
2316,-0.045
2317,-0.055
2318,-0.06
2319,-0.065
2320,-0.075
2321,-0.06
2322,-0.06
2323,-0.06
2324,-0.07
2325,-0.08
2326,-0.1
2327,-0.1
2328,-0.085
2329,-0.095
2330,-0.11
2331,-0.125
2332,-0.14
2333,-0.135
2334,-0.14
2335,-0.13
2336,-0.14
2337,-0.155
2338,-0.17
2339,-0.165
2340,-0.165
2341,-0.165
2342,-0.17
2343,-0.18
2344,-0.175
2345,-0.18
2346,-0.175
2347,-0.175
2348,-0.185
2349,-0.195
2350,-0.2
2351,-0.19
2352,-0.185
2353,-0.19
2354,-0.2
2355,-0.215
2356,-0.225
2357,-0.21
2358,-0.2
2359,-0.205
2360,-0.215
2361,-0.205
2362,-0.22
2363,-0.21
2364,-0.2
2365,-0.21
2366,-0.21
2367,-0.215
2368,-0.22
2369,-0.21
2370,-0.195
2371,-0.21
2372,-0.215
2373,-0.235
2374,-0.24
2375,-0.23
2376,-0.22
2377,-0.22
2378,-0.23
2379,-0.245
2380,-0.25
2381,-0.245
2382,-0.24
2383,-0.225
2384,-0.23
2385,-0.225
2386,-0.235
2387,-0.22
2388,-0.21
2389,-0.22
2390,-0.23
2391,-0.23
2392,-0.22
2393,-0.21
2394,-0.19
2395,-0.195
2396,-0.2
2397,-0.23
2398,-0.235
2399,-0.23
2400,-0.22
2401,-0.22
2402,-0.23
2403,-0.23
2404,-0.245
2405,-0.24
2406,-0.24
2407,-0.245
2408,-0.26
2409,-0.28
2410,-0.305
2411,-0.285
2412,-0.28
2413,-0.28
2414,-0.285
2415,-0.295
2416,-0.31
2417,-0.295
2418,-0.285
2419,-0.275
2420,-0.295
2421,-0.31
2422,-0.31
2423,-0.315
2424,-0.295
2425,-0.295
2426,-0.315
2427,-0.32
2428,-0.32
2429,-0.305
2430,-0.295
2431,-0.3
2432,-0.32
2433,-0.315
2434,-0.315
2435,-0.305
2436,-0.295
2437,-0.305
2438,-0.31
2439,-0.31
2440,-0.31
2441,-0.3
2442,-0.3
2443,-0.3
2444,-0.315
2445,-0.32
2446,-0.31
2447,-0.305
2448,-0.295
2449,-0.295
2450,-0.3
2451,-0.295
2452,-0.31
2453,-0.305
2454,-0.305
2455,-0.295
2456,-0.3
2457,-0.3
2458,-0.3
2459,-0.295
2460,-0.285
2461,-0.285
2462,-0.29
2463,-0.31
2464,-0.305
2465,-0.29
2466,-0.285
2467,-0.29
2468,-0.3
2469,-0.29
2470,-0.3
2471,-0.285
2472,-0.285
2473,-0.285
2474,-0.285
2475,-0.28
2476,-0.275
2477,-0.27
2478,-0.25
2479,-0.25
2480,-0.255
2481,-0.25
2482,-0.23
2483,-0.19
2484,-0.13
2485,-0.03
2486,0.225
2487,0.585
2488,0.785
2489,0.65
2490,0.34
2491,0.15
2492,0.11
2493,0.12
2494,0.155
2495,0.155
2496,0.155
2497,0.15
2498,0.155
2499,0.16
2500,0.165
2501,0.155
2502,0.145
2503,0.125
2504,0.135
2505,0.135
2506,0.135
2507,0.125
2508,0.11
2509,0.075
2510,0.04
2511,-0.02
2512,-0.075
2513,-0.12
2514,-0.17
2515,-0.23
2516,-0.285
2517,-0.375
2518,-0.465
2519,-0.48
2520,-0.46
2521,-0.405
2522,-0.37
2523,-0.365
2524,-0.365
2525,-0.36
2526,-0.365
2527,-0.375
2528,-0.38
2529,-0.4
2530,-0.395
2531,-0.38
2532,-0.355
2533,-0.33
2534,-0.325
2535,-0.32
2536,-0.33
2537,-0.33
2538,-0.32
2539,-0.325
2540,-0.335
2541,-0.35
2542,-0.36
2543,-0.35
2544,-0.35
2545,-0.345
2546,-0.325
2547,-0.325
2548,-0.335
2549,-0.315
2550,-0.3
2551,-0.285
2552,-0.295
2553,-0.3
2554,-0.31
2555,-0.295
2556,-0.275
2557,-0.275
2558,-0.27
2559,-0.285
2560,-0.29
2561,-0.27
2562,-0.25
2563,-0.265
2564,-0.265
2565,-0.28
2566,-0.275
2567,-0.275
2568,-0.255
2569,-0.255
2570,-0.255
2571,-0.26
2572,-0.265
2573,-0.245
2574,-0.24
2575,-0.235
2576,-0.24
2577,-0.24
2578,-0.24
2579,-0.225
2580,-0.215
2581,-0.21
2582,-0.22
2583,-0.205
2584,-0.195
2585,-0.19
2586,-0.17
2587,-0.175
2588,-0.175
2589,-0.18
2590,-0.18
2591,-0.145
2592,-0.14
2593,-0.145
2594,-0.14
2595,-0.14
2596,-0.145
2597,-0.12
2598,-0.105
2599,-0.11
2600,-0.12
2601,-0.125
2602,-0.12
2603,-0.115
2604,-0.095
2605,-0.095
2606,-0.11
2607,-0.11
2608,-0.115
2609,-0.11
2610,-0.105
2611,-0.105
2612,-0.11
2613,-0.115
2614,-0.135
2615,-0.125
2616,-0.12
2617,-0.13
2618,-0.13
2619,-0.145
2620,-0.15
2621,-0.15
2622,-0.145
2623,-0.15
2624,-0.155
2625,-0.175
2626,-0.185
2627,-0.17
2628,-0.18
2629,-0.17
2630,-0.19
2631,-0.19
2632,-0.195
2633,-0.19
2634,-0.18
2635,-0.19
2636,-0.2
2637,-0.21
2638,-0.2
2639,-0.195
2640,-0.185
2641,-0.18
2642,-0.2
2643,-0.21
2644,-0.205
2645,-0.2
2646,-0.185
2647,-0.2
2648,-0.205
2649,-0.21
2650,-0.205
2651,-0.205
2652,-0.2
2653,-0.2
2654,-0.21
2655,-0.21
2656,-0.22
2657,-0.2
2658,-0.19
2659,-0.2
2660,-0.21
2661,-0.215
2662,-0.225
2663,-0.215
2664,-0.195
2665,-0.205
2666,-0.21
2667,-0.22
2668,-0.22
2669,-0.21
2670,-0.2
2671,-0.21
2672,-0.215
2673,-0.215
2674,-0.22
2675,-0.215
2676,-0.21
2677,-0.21
2678,-0.215
2679,-0.215
2680,-0.23
2681,-0.215
2682,-0.21
2683,-0.215
2684,-0.225
2685,-0.23
2686,-0.245
2687,-0.225
2688,-0.22
2689,-0.225
2690,-0.23
2691,-0.245
2692,-0.24
2693,-0.235
2694,-0.225
2695,-0.225
2696,-0.235
2697,-0.24
2698,-0.25
2699,-0.24
2700,-0.225
2701,-0.23
2702,-0.24
2703,-0.245
2704,-0.255
2705,-0.25
2706,-0.245
2707,-0.245
2708,-0.25
2709,-0.26
2710,-0.265
2711,-0.245
2712,-0.245
2713,-0.245
2714,-0.245
2715,-0.27
2716,-0.265
2717,-0.26
2718,-0.255
2719,-0.26
2720,-0.265
2721,-0.275
2722,-0.285
2723,-0.27
2724,-0.27
2725,-0.27
2726,-0.275
2727,-0.27
2728,-0.26
2729,-0.245
2730,-0.23
2731,-0.23
2732,-0.245
2733,-0.245
2734,-0.24
2735,-0.225
2736,-0.21
2737,-0.215
2738,-0.22
2739,-0.215
2740,-0.235
2741,-0.235
2742,-0.225
2743,-0.23
2744,-0.225
2745,-0.235
2746,-0.24
2747,-0.23
2748,-0.22
2749,-0.24
2750,-0.24
2751,-0.26
2752,-0.26
2753,-0.27
2754,-0.265
2755,-0.255
2756,-0.265
2757,-0.28
2758,-0.265
2759,-0.26
2760,-0.26
2761,-0.26
2762,-0.265
2763,-0.27
2764,-0.275
2765,-0.255
2766,-0.25
2767,-0.26
2768,-0.265
2769,-0.27
2770,-0.265
2771,-0.255
2772,-0.235
2773,-0.225
2774,-0.22
2775,-0.195
2776,-0.16
2777,-0.105
2778,0.01
2779,0.31
2780,0.68
2781,0.825
2782,0.595
2783,0.295
2784,0.145
2785,0.13
2786,0.16
2787,0.185
2788,0.19
2789,0.21
2790,0.245
2791,0.26
2792,0.265
2793,0.29
2794,0.3
2795,0.305
2796,0.32
2797,0.33
2798,0.345
2799,0.365
2800,0.38
2801,0.38
2802,0.41
2803,0.395
2804,0.395
2805,0.345
2806,0.285
2807,0.23
2808,0.195
2809,0.155
2810,0.065
2811,-0.035
2812,-0.13
2813,-0.16
2814,-0.14
2815,-0.13
2816,-0.135
2817,-0.14
2818,-0.165
2819,-0.17
2820,-0.19
2821,-0.225
2822,-0.285
2823,-0.32
2824,-0.345
2825,-0.345
2826,-0.35
2827,-0.36
2828,-0.37
2829,-0.4
2830,-0.405
2831,-0.395
2832,-0.37
2833,-0.37
2834,-0.365
2835,-0.395
2836,-0.39
2837,-0.41
2838,-0.395
2839,-0.4
2840,-0.39
2841,-0.4
2842,-0.395
2843,-0.38
2844,-0.35
2845,-0.335
2846,-0.335
2847,-0.34
2848,-0.35
2849,-0.335
2850,-0.315
2851,-0.325
2852,-0.33
2853,-0.33
2854,-0.325
2855,-0.315
2856,-0.305
2857,-0.315
2858,-0.32
2859,-0.32
2860,-0.32
2861,-0.32
2862,-0.305
2863,-0.295
2864,-0.315
2865,-0.3
2866,-0.295
2867,-0.28
2868,-0.275
2869,-0.29
2870,-0.285
2871,-0.3
2872,-0.295
2873,-0.28
2874,-0.26
2875,-0.27
2876,-0.27
2877,-0.27
2878,-0.255
2879,-0.24
2880,-0.225
2881,-0.215
2882,-0.205
2883,-0.21
2884,-0.21
2885,-0.2
2886,-0.18
2887,-0.165
2888,-0.165
2889,-0.165
2890,-0.17
2891,-0.15
2892,-0.145
2893,-0.145
2894,-0.135
2895,-0.145
2896,-0.14
2897,-0.145
2898,-0.125
2899,-0.13
2900,-0.14
2901,-0.145
2902,-0.16
2903,-0.15
2904,-0.135
2905,-0.145
2906,-0.155
2907,-0.165
2908,-0.17
2909,-0.16
2910,-0.145
2911,-0.16
2912,-0.17
2913,-0.19
2914,-0.19
2915,-0.18
2916,-0.175
2917,-0.17
2918,-0.195
2919,-0.21
2920,-0.215
2921,-0.21
2922,-0.21
2923,-0.22
2924,-0.225
2925,-0.235
2926,-0.235
2927,-0.22
2928,-0.215
2929,-0.22
2930,-0.215
2931,-0.22
2932,-0.23
2933,-0.235
2934,-0.22
2935,-0.23
2936,-0.245
2937,-0.25
2938,-0.24
2939,-0.23
2940,-0.215
2941,-0.23
2942,-0.24
2943,-0.245
2944,-0.245
2945,-0.23
2946,-0.225
2947,-0.225
2948,-0.235
2949,-0.23
2950,-0.23
2951,-0.225
2952,-0.205
2953,-0.215
2954,-0.225
2955,-0.24
2956,-0.25
2957,-0.235
2958,-0.215
2959,-0.225
2960,-0.225
2961,-0.235
2962,-0.25
2963,-0.245
2964,-0.235
2965,-0.24
2966,-0.26
2967,-0.255
2968,-0.25
2969,-0.24
2970,-0.225
2971,-0.24
2972,-0.25
2973,-0.26
2974,-0.265
2975,-0.255
2976,-0.235
2977,-0.26
2978,-0.26
2979,-0.26
2980,-0.275
2981,-0.255
2982,-0.255
2983,-0.27
2984,-0.28
2985,-0.275
2986,-0.285
2987,-0.28
2988,-0.265
2989,-0.285
2990,-0.285
2991,-0.295
2992,-0.29
2993,-0.285
2994,-0.265
2995,-0.275
2996,-0.275
2997,-0.29
2998,-0.28
2999,-0.27
3000,-0.27
3001,-0.275
3002,-0.28
3003,-0.3
3004,-0.305
3005,-0.305
3006,-0.28
3007,-0.295
3008,-0.285
3009,-0.3
3010,-0.315
3011,-0.31
3012,-0.3
3013,-0.29
3014,-0.295
3015,-0.305
3016,-0.31
3017,-0.3
3018,-0.295
3019,-0.29
3020,-0.285
3021,-0.3
3022,-0.295
3023,-0.3
3024,-0.28
3025,-0.28
3026,-0.285
3027,-0.31
3028,-0.3
3029,-0.295
3030,-0.265
3031,-0.27
3032,-0.29
3033,-0.3
3034,-0.285
3035,-0.275
3036,-0.28
3037,-0.28
3038,-0.305
3039,-0.3
3040,-0.3
3041,-0.305
3042,-0.285
3043,-0.285
3044,-0.315
3045,-0.32
3046,-0.315
3047,-0.305
3048,-0.285
3049,-0.29
3050,-0.295
3051,-0.29
3052,-0.31
3053,-0.285
3054,-0.27
3055,-0.27
3056,-0.26
3057,-0.255
3058,-0.255
3059,-0.235
3060,-0.225
3061,-0.225
3062,-0.22
3063,-0.215
3064,-0.19
3065,-0.17
3066,-0.145
3067,-0.125
3068,-0.085
3069,0.06
3070,0.41
3071,0.81
3072,0.94
3073,0.7
3074,0.365
3075,0.18
3076,0.14
3077,0.17
3078,0.18
3079,0.155
3080,0.12
3081,0.115
3082,0.11
3083,0.145
3084,0.16
3085,0.15
3086,0.13
3087,0.125
3088,0.12
3089,0.145
3090,0.165
3091,0.15
3092,0.14
3093,0.1
3094,0.08
3095,0.08
3096,0.055
3097,0
3098,-0.015
3099,-0.08
3100,-0.135
3101,-0.21
3102,-0.28
3103,-0.37
3104,-0.415
3105,-0.41
3106,-0.385
3107,-0.35
3108,-0.33
3109,-0.345
3110,-0.37
3111,-0.405
3112,-0.42
3113,-0.425
3114,-0.41
3115,-0.395
3116,-0.355
3117,-0.34
3118,-0.315
3119,-0.28
3120,-0.275
3121,-0.305
3122,-0.32
3123,-0.34
3124,-0.35
3125,-0.345
3126,-0.32
3127,-0.33
3128,-0.32
3129,-0.32
3130,-0.31
3131,-0.285
3132,-0.275
3133,-0.265
3134,-0.275
3135,-0.265
3136,-0.26
3137,-0.255
3138,-0.24
3139,-0.245
3140,-0.25
3141,-0.235
3142,-0.245
3143,-0.23
3144,-0.21
3145,-0.205
3146,-0.215
3147,-0.22
3148,-0.215
3149,-0.21
3150,-0.21
3151,-0.2
3152,-0.2
3153,-0.205
3154,-0.2
3155,-0.205
3156,-0.185
3157,-0.175
3158,-0.17
3159,-0.16
3160,-0.16
3161,-0.135
3162,-0.12
3163,-0.125
3164,-0.14
3165,-0.14
3166,-0.13
3167,-0.11
3168,-0.11
3169,-0.105
3170,-0.1
3171,-0.1
3172,-0.105
3173,-0.09
3174,-0.065
3175,-0.075
3176,-0.06
3177,-0.065
3178,-0.07
3179,-0.05
3180,-0.04
3181,-0.05
3182,-0.04
3183,-0.05
3184,-0.05
3185,-0.035
3186,-0.03
3187,-0.035
3188,-0.06
3189,-0.065
3190,-0.065
3191,-0.06
3192,-0.04
3193,-0.06
3194,-0.07
3195,-0.075
3196,-0.1
3197,-0.1
3198,-0.1
3199,-0.115
3200,-0.12
3201,-0.135
3202,-0.145
3203,-0.135
3204,-0.135
3205,-0.145
3206,-0.16
3207,-0.165
3208,-0.165
3209,-0.165
3210,-0.17
3211,-0.16
3212,-0.195
3213,-0.18
3214,-0.2
3215,-0.195
3216,-0.19
3217,-0.2
3218,-0.215
3219,-0.22
3220,-0.225
3221,-0.22
3222,-0.205
3223,-0.205
3224,-0.205
3225,-0.22
3226,-0.22
3227,-0.22
3228,-0.2
3229,-0.21
3230,-0.215
3231,-0.22
3232,-0.22
3233,-0.22
3234,-0.21
3235,-0.21
3236,-0.23
3237,-0.235
3238,-0.235
3239,-0.225
3240,-0.22
3241,-0.22
3242,-0.225
3243,-0.245
3244,-0.245
3245,-0.235
3246,-0.235
3247,-0.22
3248,-0.225
3249,-0.22
3250,-0.235
3251,-0.225
3252,-0.22
3253,-0.245
3254,-0.24
3255,-0.255
3256,-0.26
3257,-0.25
3258,-0.23
3259,-0.225
3260,-0.25
3261,-0.255
3262,-0.245
3263,-0.23
3264,-0.225
3265,-0.235
3266,-0.245
3267,-0.25
3268,-0.255
3269,-0.26
3270,-0.245
3271,-0.25
3272,-0.26
3273,-0.29
3274,-0.285
3275,-0.275
3276,-0.265
3277,-0.275
3278,-0.28
3279,-0.285
3280,-0.285
3281,-0.28
3282,-0.265
3283,-0.27
3284,-0.28
3285,-0.3
3286,-0.305
3287,-0.3
3288,-0.295
3289,-0.285
3290,-0.285
3291,-0.29
3292,-0.295
3293,-0.3
3294,-0.29
3295,-0.295
3296,-0.31
3297,-0.305
3298,-0.325
3299,-0.31
3300,-0.29
3301,-0.305
3302,-0.31
3303,-0.325
3304,-0.33
3305,-0.315
3306,-0.3
3307,-0.3
3308,-0.315
3309,-0.32
3310,-0.33
3311,-0.32
3312,-0.305
3313,-0.305
3314,-0.325
3315,-0.325
3316,-0.325
3317,-0.32
3318,-0.31
3319,-0.315
3320,-0.32
3321,-0.32
3322,-0.335
3323,-0.325
3324,-0.32
3325,-0.325
3326,-0.33
3327,-0.34
3328,-0.335
3329,-0.335
3330,-0.325
3331,-0.32
3332,-0.34
3333,-0.35
3334,-0.35
3335,-0.345
3336,-0.335
3337,-0.35
3338,-0.35
3339,-0.355
3340,-0.355
3341,-0.355
3342,-0.335
3343,-0.35
3344,-0.35
3345,-0.365
3346,-0.36
3347,-0.355
3348,-0.345
3349,-0.345
3350,-0.355
3351,-0.355
3352,-0.355
3353,-0.345
3354,-0.325
3355,-0.325
3356,-0.335
3357,-0.345
3358,-0.335
3359,-0.335
3360,-0.31
3361,-0.33
3362,-0.325
3363,-0.315
3364,-0.305
3365,-0.29
3366,-0.24
3367,-0.225
3368,-0.185
3369,-0.1
3370,0.11
3371,0.475
3372,0.76
3373,0.73
3374,0.445
3375,0.18
3376,0.08
3377,0.085
3378,0.11
3379,0.11
3380,0.1
3381,0.1
3382,0.1
3383,0.115
3384,0.13
3385,0.13
3386,0.09
3387,0.06
3388,0.04
3389,0.055
3390,0.045
3391,0.05
3392,0.03
3393,-0.005
3394,-0.03
3395,-0.065
3396,-0.075
3397,-0.14
3398,-0.2
3399,-0.235
3400,-0.28
3401,-0.325
3402,-0.375
3403,-0.45
3404,-0.525
3405,-0.58
3406,-0.57
3407,-0.53
3408,-0.47
3409,-0.44
3410,-0.425
3411,-0.415
3412,-0.425
3413,-0.44
3414,-0.44
3415,-0.45
3416,-0.465
3417,-0.465
3418,-0.44
3419,-0.41
3420,-0.37
3421,-0.35
3422,-0.355
3423,-0.385
3424,-0.4
3425,-0.41
3426,-0.405
3427,-0.415
3428,-0.435
3429,-0.45
3430,-0.45
3431,-0.44
3432,-0.43
3433,-0.435
3434,-0.43
3435,-0.44
3436,-0.42
3437,-0.41
3438,-0.395
3439,-0.39
3440,-0.395
3441,-0.4
3442,-0.395
3443,-0.375
3444,-0.375
3445,-0.375
3446,-0.38
3447,-0.375
3448,-0.37
3449,-0.36
3450,-0.34
3451,-0.355
3452,-0.36
3453,-0.37
3454,-0.345
3455,-0.345
3456,-0.33
3457,-0.335
3458,-0.33
3459,-0.34
3460,-0.33
3461,-0.34
3462,-0.33
3463,-0.32
3464,-0.31
3465,-0.325
3466,-0.325
3467,-0.305
3468,-0.29
3469,-0.29
3470,-0.295
3471,-0.3
3472,-0.295
3473,-0.29
3474,-0.26
3475,-0.265
3476,-0.275
3477,-0.275
3478,-0.275
3479,-0.255
3480,-0.23
3481,-0.245
3482,-0.25
3483,-0.25
3484,-0.24
3485,-0.23
3486,-0.225
3487,-0.225
3488,-0.235
3489,-0.225
3490,-0.21
3491,-0.21
3492,-0.205
3493,-0.2
3494,-0.205
3495,-0.215
3496,-0.205
3497,-0.195
3498,-0.2
3499,-0.205
3500,-0.21
3501,-0.215
3502,-0.23
3503,-0.21
3504,-0.195
3505,-0.21
3506,-0.225
3507,-0.225
3508,-0.225
3509,-0.23
3510,-0.235
3511,-0.24
3512,-0.245
3513,-0.255
3514,-0.255
3515,-0.255
3516,-0.25
3517,-0.255
3518,-0.27
3519,-0.29
3520,-0.285
3521,-0.285
3522,-0.28
3523,-0.295
3524,-0.3
3525,-0.315
3526,-0.325
3527,-0.31
3528,-0.3
3529,-0.3
3530,-0.31
3531,-0.33
3532,-0.33
3533,-0.32
3534,-0.325
3535,-0.315
3536,-0.325
3537,-0.335
3538,-0.34
3539,-0.335
3540,-0.325
3541,-0.325
3542,-0.325
3543,-0.34
3544,-0.34
3545,-0.34
3546,-0.33
3547,-0.33
3548,-0.335
3549,-0.335
3550,-0.34
3551,-0.335
3552,-0.335
3553,-0.33
3554,-0.335
3555,-0.335
3556,-0.345
3557,-0.34
3558,-0.32
3559,-0.31
3560,-0.33
3561,-0.35
3562,-0.34
3563,-0.33
3564,-0.335
3565,-0.315
3566,-0.32
3567,-0.335
3568,-0.33
3569,-0.33
3570,-0.325
3571,-0.32
3572,-0.33
3573,-0.33
3574,-0.345
3575,-0.335
3576,-0.33
3577,-0.335
3578,-0.34
3579,-0.34
3580,-0.34
3581,-0.35
3582,-0.34
3583,-0.34
3584,-0.35
3585,-0.355
3586,-0.345
3587,-0.34
3588,-0.335
3589,-0.35
3590,-0.355
3591,-0.355
3592,-0.38
3593,-0.37
3594,-0.355
3595,-0.35
3596,-0.37
3597,-0.37
3598,-0.36
3599,-0.36
